id,name,zh,country,slug,status,match_score,repo_path,svg,png,webp,error
1,AZ Alkmaar,阿尔克马尔,Netherlands,az-alkmaar,OK,134.0,logos/netherlands/AZ_Alkmaar.svg,svg/01_az-alkmaar.svg,png_256/01_az-alkmaar.png,webp_128/01_az-alkmaar.webp,
2,Anderlecht,安德莱赫特,Belgium,anderlecht,OK,134.0,logos/belgium/RSC_Anderlecht.svg,svg/02_anderlecht.svg,png_256/02_anderlecht.png,webp_128/02_anderlecht.webp,
3,Ararat-Armenia,阿拉拉特-亚美尼亚,Armenia,ararat-armenia,OK,134.0,logos/armenia/Ararat-Armenia.svg,svg/03_ararat-armenia.svg,png_256/03_ararat-armenia.png,webp_128/03_ararat-armenia.webp,
4,Benfica,本菲卡,Portugal,benfica,OK,134.0,logos/portugal/Benfica.svg,svg/04_benfica.svg,png_256/04_benfica.png,webp_128/04_benfica.webp,
5,Besiktas,贝西克塔斯,Turkey,besiktas,OK,134.0,logos/turkey/Beşiktaş.svg,svg/05_besiktas.svg,png_256/05_besiktas.png,webp_128/05_besiktas.webp,
6,Bournemouth,伯恩茅斯,England,bournemouth,OK,134.0,logos/england/Bournemouth.svg,svg/06_bournemouth.svg,png_256/06_bournemouth.png,webp_128/06_bournemouth.webp,
7,Celje,采列,Slovenia,celje,OK,134.0,logos/slovenia/Celje.svg,svg/07_celje.svg,png_256/07_celje.png,webp_128/07_celje.webp,
8,Celta Vigo,塞尔塔,Spain,celta-vigo,OK,114.0,logos/spain/Celta.svg,svg/08_celta-vigo.svg,png_256/08_celta-vigo.png,webp_128/08_celta-vigo.webp,
9,Celtic,凯尔特人,Scotland,celtic,OK,134.0,logos/scotland/Celtic.svg,svg/09_celtic.svg,png_256/09_celtic.png,webp_128/09_celtic.webp,
10,Crystal Palace,水晶宫,England,crystal-palace,OK,134.0,logos/england/Crystal_Palace.svg,svg/10_crystal-palace.svg,png_256/10_crystal-palace.png,webp_128/10_crystal-palace.webp,
11,Ferencvaros,费伦茨瓦罗斯,Hungary,ferencvaros,OK,134.0,logos/hungary/Ferencváros.svg,svg/11_ferencvaros.svg,png_256/11_ferencvaros.png,webp_128/11_ferencvaros.webp,
12,GNK Dinamo Zagreb,萨格勒布迪纳摩,Croatia,gnk-dinamo-zagreb,OK,134.0,logos/croatia/GNK_Dinamo_Zagreb.svg,svg/12_gnk-dinamo-zagreb.svg,png_256/12_gnk-dinamo-zagreb.png,webp_128/12_gnk-dinamo-zagreb.webp,
13,Hapoel Beer-Sheva,贝尔谢巴工人,Israel,hapoel-beer-sheva,OK,134.0,logos/israel/Hapoel_Be'er_Sheva.svg,svg/13_hapoel-beer-sheva.svg,png_256/13_hapoel-beer-sheva.png,webp_128/13_hapoel-beer-sheva.webp,
14,Hoffenheim,霍芬海姆,Germany,hoffenheim,OK,134.0,logos/germany/Hoffenheim.svg,svg/14_hoffenheim.svg,png_256/14_hoffenheim.png,webp_128/14_hoffenheim.webp,
15,Jagiellonia Bialystok,雅盖隆,Poland,jagiellonia-bialystok,OK,134.0,logos/poland/Jagiellonia_Białystok.svg,svg/15_jagiellonia-bialystok.svg,png_256/15_jagiellonia-bialystok.png,webp_128/15_jagiellonia-bialystok.webp,
16,Juventus,尤文图斯,Italy,juventus,OK,134.0,logos/italy/Juventus.svg,svg/16_juventus.svg,png_256/16_juventus.png,webp_128/16_juventus.webp,
17,Lech Poznan,波兹南莱赫,Poland,lech-poznan,OK,134.0,logos/poland/Lech_Poznań.svg,svg/17_lech-poznan.svg,png_256/17_lech-poznan.png,webp_128/17_lech-poznan.webp,
18,Bayer Leverkusen,勒沃库森,Germany,bayer-leverkusen,OK,134.0,logos/germany/Bayer_Leverkusen.svg,svg/18_bayer-leverkusen.svg,png_256/18_bayer-leverkusen.png,webp_128/18_bayer-leverkusen.webp,
19,Levski Sofia,索非亚列夫斯基,Bulgaria,levski-sofia,OK,134.0,logos/bulgaria/Levski_Sofia.svg,svg/19_levski-sofia.svg,png_256/19_levski-sofia.png,webp_128/19_levski-sofia.webp,
20,Lillestrom,利勒斯特罗姆,Norway,lillestrom,OK,134.0,logos/norway/Lillestrøm.svg,svg/20_lillestrom.svg,png_256/20_lillestrom.png,webp_128/20_lillestrom.webp,
21,Lyon,里昂,France,lyon,OK,134.0,logos/france/Olympique_Lyonnais.svg,svg/21_lyon.svg,png_256/21_lyon.png,webp_128/21_lyon.webp,
22,Marseille,马赛,France,marseille,OK,134.0,logos/france/Marseille.svg,svg/22_marseille.svg,png_256/22_marseille.png,webp_128/22_marseille.webp,
23,AC Milan,AC米兰,Italy,ac-milan,OK,134.0,logos/italy/Milan.svg,svg/23_ac-milan.svg,png_256/23_ac-milan.png,webp_128/23_ac-milan.webp,
24,NEC Nijmegen,奈梅亨,Netherlands,nec-nijmegen,OK,134.0,logos/netherlands/N.E.C._Nijmegen.svg,svg/24_nec-nijmegen.svg,png_256/24_nec-nijmegen.png,webp_128/24_nec-nijmegen.webp,
25,OFI Crete,OFI克里特,Greece,ofi-crete,OK,134.0,logos/greece/OFI.svg,svg/25_ofi-crete.svg,png_256/25_ofi-crete.png,webp_128/25_ofi-crete.webp,
26,Olympiacos,奥林匹亚科斯,Greece,olympiacos,OK,134.0,logos/greece/Olympiacos.svg,svg/26_olympiacos.svg,png_256/26_olympiacos.png,webp_128/26_olympiacos.webp,
27,Omonia,奥莫尼亚,Cyprus,omonia,OK,134.0,logos/cyprus/Omonoia_Nicosia.svg,svg/27_omonia.svg,png_256/27_omonia.png,webp_128/27_omonia.webp,
28,Real Sociedad,皇家社会,Spain,real-sociedad,OK,134.0,logos/spain/Real_Sociedad.svg,svg/28_real-sociedad.svg,png_256/28_real-sociedad.png,webp_128/28_real-sociedad.webp,
29,Rennes,雷恩,France,rennes,OK,134.0,logos/france/Rennes.svg,svg/29_rennes.svg,png_256/29_rennes.png,webp_128/29_rennes.webp,
30,Salzburg,萨尔茨堡,Austria,salzburg,OK,134.0,logos/austria/Salzburg.svg,svg/30_salzburg.svg,png_256/30_salzburg.png,webp_128/30_salzburg.webp,
31,Sparta Praha,布拉格斯巴达,Czechia,sparta-praha,OK,134.0,logos/czech-republic/AC_Sparta_Praha.svg,svg/31_sparta-praha.svg,png_256/31_sparta-praha.png,webp_128/31_sparta-praha.webp,
32,Sturm Graz,格拉茨风暴,Austria,sturm-graz,OK,134.0,logos/austria/Sturm_Graz.svg,svg/32_sturm-graz.svg,png_256/32_sturm-graz.png,webp_128/32_sturm-graz.webp,
33,Sunderland,桑德兰,England,sunderland,OK,134.0,logos/england/Sunderland.svg,svg/33_sunderland.svg,png_256/33_sunderland.png,webp_128/33_sunderland.webp,
34,Torreense,托雷恩斯,Portugal,torreense,OK,134.0,logos/portugal/S.C.U._Torreense.svg,svg/34_torreense.svg,png_256/34_torreense.png,webp_128/34_torreense.webp,
35,Union SG,圣吉罗斯联合,Belgium,union-sg,OK,134.0,logos/belgium/Union_Saint-Gilloise.svg,svg/35_union-sg.svg,png_256/35_union-sg.png,webp_128/35_union-sg.webp,
36,Viktoria Plzen,比尔森胜利,Czechia,viktoria-plzen,OK,134.0,logos/czech-republic/Viktoria_Plzeň.svg,svg/36_viktoria-plzen.svg,png_256/36_viktoria-plzen.png,webp_128/36_viktoria-plzen.webp,
